"Pos","Race_No","Name","Time","Category","Cat_Pos","Gender","Gen_Pos","Swim","T1","Cycle","T2","Run"
1,198,"Matthew Guenter",7356,"Elite",1,"Male",1,1076,47,3862,56,2313
2,461,"Sam Teller",7489,"Elite",2,"Male",2,1246,52,4036,47,2106
3,456,"Todd Suttor",7563,"Elite",3,"Male",3,1154,47,3905,42,2414
4,227,"Tim Hola",7878,"45-49",1,"Male",4,1244,60,4070,54,2448
5,467,"Scott Tonder",7928,"35-39",1,"Male",5,1277,73,4158,59,2359
6,185,"Thomas Gordon",8029,"25-29",1,"Male",6,1110,137,4293,143,2343
7,277,"Drew Kroeker",8078,"Elite",4,"Male",7,1176,47,4145,36,2672
8,386,"John Rauen",8086,"Elite",5,"Male",8,1492,81,3997,34,2481
9,411,"Joshua Schaidle",8093,"35-39",2,"Male",9,1383,69,4143,47,2449
10,347,"Edward O'malley",8192,"Elite",6,"Male",10,1400,81,4093,58,2558
11,157,"Brian Folts",8219,"Elite",7,"Male",11,1380,68,4210,72,2486
12,400,"Todd Robinson",8299,"45-49",2,"Male",12,1358,32,4393,71,2444
13,559,"Taylor Ames",8301,"35-39",3,"Male",13,1375,73,4295,63,2492
14,305,"Mark Maguire",8314,"30-34",1,"Male",14,1266,85,4415,68,2479
15,291,"Dave Leveque",8351,"35-39",4,"Male",15,1380,57,4265,44,2602
16,441,"Colton Sorrells",8410,"20-24",1,"Male",16,1537,80,4148,55,2588
17,523,"Scott Yamada",8437,"40-44",1,"Male",17,1371,62,4246,48,2707
18,327,"Matheus Menezes",8536,"20-24",2,"Male",18,1253,54,4499,59,2670
19,58,"Jason Brown",8556,"35-39",5,"Male",19,1524,84,4248,68,2630
20,379,"Charles Prevoteau",8629,"30-34",2,"Male",20,1655,78,4395,99,2400
21,301,"Miles Mackenzie",8635,"25-29",2,"Male",21,1225,85,4350,41,2933
22,144,"John Estes",8698,"35-39",6,"Male",22,1463,70,4344,65,2754
23,550,"Eric Gutknecht",8735,"50-54",1,"Male",23,1587,98,4254,81,2713
24,117,"Tori Dippold",8738,"25-29",1,"Female",1,1717,132,4105,111,2670
25,148,"Patrick Faurer",8741,"35-39",7,"Male",24,1451,81,4510,67,2631
26,382,"Alex Ranum",8741,"Elite",8,"Male",25,1380,52,4224,39,3044
27,240,"Jon Jay",8762,"35-39",8,"Male",26,1395,55,4471,74,2765
28,169,"Scott Galloway",8789,"35-39",9,"Male",27,1609,125,4341,69,2643
29,68,"Iain Campbell",8833,"60-64",1,"Male",28,1533,110,4528,65,2595
30,71,"Chandler Carranza",8848,"40-44",2,"Male",29,1595,68,4405,55,2723
31,268,"Lindsey Knast",8861,"Elite",1,"Female",2,1548,108,4496,58,2650
32,131,"Steven Dunbar",8863,"50-54",2,"Male",30,1518,86,4300,73,2883
33,434,"Molly Smith",8886,"40-44",1,"Female",3,1707,89,4404,47,2637
34,402,"Emily Rollins",8893,"45-49",1,"Female",4,1500,82,4538,62,2708
35,383,"Tim Raschle",8896,"30-34",3,"Male",31,1267,103,4585,72,2867
36,340,"Matt Mussetter",8911,"40-44",3,"Male",32,1488,99,4323,69,2930
37,13,"Aaron Arthur",8926,"25-29",3,"Male",33,1438,84,4454,80,2869
38,345,"Ali O'donnell",8954,"Elite",2,"Female",5,1386,47,4741,43,2735
39,114,"Justin Devanna",8981,"45-49",3,"Male",34,1359,88,4454,59,3019
40,9,"Tyler Anderson",9062,"35-39",10,"Male",35,1520,98,4440,72,2930
41,514,"Eric Wininger",9078,"40-44",4,"Male",36,1513,89,4611,73,2790
42,18,"Josh Baker",9080,"30-34",4,"Male",37,1756,93,4697,48,2484
43,211,"Brendan Hemp",9099,"55-59",1,"Male",38,1615,107,4360,68,2946
44,509,"Scott Williamson",9110,"45-49",4,"Male",39,1531,81,4621,68,2807
45,315,"Kirsten Mccay",9124,"50-54",1,"Female",6,1454,75,4660,71,2861
46,261,"William Kellerhals",9181,"25-29",4,"Male",40,1662,101,4711,119,2587
47,212,"Cassidy Hemp",9235,"Elite",3,"Female",7,1505,93,4690,83,2861
48,371,"Rachel Pifer",9244,"25-29",2,"Female",8,1500,67,4754,62,2860
49,67,"John Bye",9246,"50-54",3,"Male",41,1577,100,4372,73,3121
50,369,"Jared Picune",9295,"40-44",5,"Male",42,1727,99,4538,74,2855
51,454,"Jonah Sutherland",9317,"25-29",5,"Male",43,1394,118,4801,91,2910
52,429,"Anna Shveshkeyev",9372,"Elite",4,"Female",9,1491,77,4628,59,3115
53,213,"Reed Henderson",9431,"20-24",3,"Male",44,1592,67,4843,65,2862
54,560,"Eric Abecassis",9434,"55-59",2,"Male",45,1706,106,4649,112,2859
55,75,"Jeff Carter",9435,"40-44",6,"Male",46,1600,130,4468,65,3171
56,254,"Christine Kachinsky",9468,"50-54",2,"Female",10,1669,97,4667,92,2940
57,28,"Ben Bernier",9471,"45-49",5,"Male",47,1784,134,4613,103,2835
58,223,"Daniel Hodgman",9506,"40-44",7,"Male",48,1551,128,4634,95,3095
59,102,"Mary Darrah",9511,"20-24",1,"Female",11,1704,72,4498,54,3183
60,110,"Gary Deaguero",9513,"30-34",5,"Male",49,1448,124,4447,129,3362
61,90,"Tamara Cousineau",9523,"30-34",1,"Female",12,1519,106,4675,102,3119
62,350,"John Opella",9578,"20-24",4,"Male",50,1644,115,4588,74,3156
63,273,"Steve Kovisto",9583,"55-59",3,"Male",51,1535,124,4720,78,3125
64,477,"James Vadas",9599,"25-29",6,"Male",52,1710,148,4797,93,2849
65,53,"Daisy Brey",9719,"Elite",5,"Female",13,1519,116,4541,82,3460
66,56,"Marcus Brooks",9736,"50-54",4,"Male",53,1788,74,4762,64,3047
67,526,"Garrett Zans",9750,"30-34",6,"Male",54,1610,56,5104,62,2915
68,470,"Jeremy Trembly",9767,"50-54",5,"Male",55,1673,129,4641,155,3167
69,293,"Ram Longman",9780,"30-34",7,"Male",56,1821,210,5084,118,2544
70,460,"Madeline Tapp",9784,"20-24",2,"Female",14,1675,71,4894,56,3086
71,501,"Erik Werner",9797,"50-54",6,"Male",57,1565,124,4640,74,3392
72,96,"Mason Cruz-Abrams",9807,"Elite",9,"Male",58,1307,85,5171,101,3141
73,130,"Zach Dufresne",9821,"40-44",8,"Male",59,1799,143,4778,86,3012
74,399,"Kaitlyn Robinson",9839,"35-39",1,"Female",15,1675,85,5153,63,2861
75,355,"Alex Palicki",9870,"25-29",7,"Male",60,1500,93,4932,145,3199
76,496,"Keith Watson",9871,"50-54",7,"Male",61,1615,107,4558,110,3480
77,263,"Eva Keohane",9874,"20-24",3,"Female",16,2117,127,4790,87,2750
78,46,"Julian Bowling",9881,"35-39",11,"Male",62,1787,236,4258,112,3486
79,210,"John Heisel",9886,"50-54",8,"Male",63,1636,88,4659,45,3456
80,433,"Katie Slavin",9891,"30-34",2,"Female",17,1646,134,4851,109,3149
81,438,"Rich Soares",9922,"55-59",4,"Male",64,1631,101,4766,109,3313
82,252,"Scott Jones",9927,"35-39",12,"Male",65,1468,73,4981,64,3340
83,324,"Tom Mcinnes",9953,"60-64",2,"Male",66,1656,108,4873,76,3237
84,508,"Ryan Wilk",9987,"30-34",8,"Male",67,1792,91,4536,80,3486
85,77,"Catie Caywood",9990,"45-49",2,"Female",18,1450,144,5117,68,3209
86,335,"Kristofr Morgan",9996,"45-49",6,"Male",68,1531,117,4852,85,3409
87,497,"Gregory Weinberg",10005,"50-54",9,"Male",69,1822,75,4701,77,3329
88,79,"Nathan Churchwell",10048,"30-34",9,"Male",70,1728,121,4836,119,3243
89,63,"Scott Buller",10112,"First TImer",1,"Male",71,1900,226,4914,143,2928
90,342,"Skye Niles",10117,"35-39",2,"Female",19,1649,97,5082,59,3227
91,225,"Teresa Hogan",10160,"50-54",3,"Female",20,1819,140,4811,126,3261
92,407,"Rylan Russell",10163,"30-34",10,"Male",72,1823,279,5274,115,2670
93,403,"Erin Rose",10168,"35-39",3,"Female",21,1809,103,5135,82,3037
94,525,"Caroline Young",10177,"30-34",3,"Female",22,1493,78,5099,73,3432
95,466,"Katherine Tobin",10179,"40-44",2,"Female",23,1503,90,5015,70,3499
96,473,"Michele Trujillo-Veit",10188,"45-49",3,"Female",24,1686,113,4935,54,3397
97,172,"Will Garrett",10235,"35-39",13,"Male",73,1832,113,5094,139,3054
98,129,"Haley Dufresne",10304,"35-39",4,"Female",25,1848,85,5262,69,3039
99,553,"Hailey Leader",10311,"20-24",4,"Female",26,1558,60,5097,65,3530
100,361,"Georgina Pembroke",10314,"Elite",6,"Female",27,1621,85,5177,83,3344
101,427,"Sabin Shrestha",10344,"35-39",14,"Male",74,2053,136,4735,76,3343
102,168,"Esteban Gallego",10348,"40-44",9,"Male",75,1676,108,4969,107,3485
103,24,"Thomas Beal",10357,"55-59",5,"Male",76,1551,94,5103,101,3507
104,266,"Michael Klein",10363,"55-59",6,"Male",77,1858,123,5004,59,3317
105,80,"Mason Cohn",10390,"20-24",5,"Male",78,2059,128,5287,58,2855
106,22,"Nate Barkin",10400,"35-39",15,"Male",79,1614,92,5145,199,3348
107,91,"Hunter Cox",10418,"First TImer",2,"Male",80,1810,167,4783,138,3518
108,61,"Eric Buckley",10423,"30-34",11,"Male",81,1703,228,4979,244,3267
109,2,"Craig Aiken",10466,"40-44",10,"Male",82,1786,129,4852,144,3554
110,137,"Lawrence Eaton",10467,"25-29",8,"Male",83,1969,176,4971,121,3227
111,216,"Bryan Herman",10467,"30-34",12,"Male",84,2049,248,4931,121,3117
112,267,"Matthew Klingensmith",10486,"35-39",16,"Male",85,1814,108,4823,79,3661
113,113,"Kristen Delong",10498,"50-54",4,"Female",28,1919,102,4981,72,3422
114,338,"Mike Moyer",10516,"55-59",7,"Male",86,1711,97,5218,66,3423
115,339,"Matt Mroz",10535,"50-54",10,"Male",87,2251,100,4692,117,3373
116,11,"William Andrus",10543,"45-49",7,"Male",88,1604,91,5244,54,3547
117,21,"Orla Bannan",10549,"45-49",4,"Female",29,1797,95,5217,82,3355
118,5,"Megan Albin",10564,"35-39",5,"Female",30,1954,171,4754,91,3592
119,353,"Ali Ozymy",10599,"25-29",3,"Female",31,2044,118,4955,59,3421
120,47,"Scott Boylan",10602,"65-69",1,"Male",89,1864,233,5236,176,3092
121,138,"Karl Edgerton",10635,"60-64",3,"Male",90,1295,137,5289,132,3780
122,179,"Alex Glades",10643,"30-34",13,"Male",91,1915,128,5414,97,3088
123,409,"Emma Santangelo",10651,"25-29",4,"Female",32,1574,161,5349,79,3486
124,37,"Adam Bohling",10682,"25-29",9,"Male",92,1625,124,5365,86,3481
125,3,"Benjamin Albers",10705,"30-34",14,"Male",93,1593,124,5073,132,3782
126,475,"Seth Turner",10705,"45-49",8,"Male",94,1827,119,4896,97,3765
127,453,"Jason Surface",10724,"55-59",8,"Male",95,1591,136,4981,85,3928
128,430,"Guy Sigley",10732,"65-69",2,"Male",96,1664,132,4808,118,4007
129,250,"Julie Jones",10735,"50-54",5,"Female",33,1467,92,5320,83,3770
130,483,"Caroline Veltri Baker",10745,"First TImer",1,"Female",34,2041,149,5878,123,2551
131,159,"Ann Frazier",10747,"40-44",3,"Female",35,1582,129,5619,93,3323
132,233,"Rob Humphrey",10755,"55-59",9,"Male",97,1454,99,5143,114,3942
133,492,"Caleb Ware",10769,"45-49",9,"Male",98,1859,160,5239,113,3395
134,116,"Bret Dilts",10780,"35-39",17,"Male",99,1680,85,4799,84,4130
135,424,"Max Shier",10786,"45-49",10,"Male",100,1734,139,4950,122,3838
136,50,"Deborah Breda",10790,"30-34",4,"Female",36,1823,118,5454,52,3341
137,177,"Deborah Gertner",10807,"35-39",6,"Female",37,2026,86,5089,74,3530
138,140,"Robert Ekin",10852,"50-54",11,"Male",101,1791,110,5176,137,3635
139,49,"Kevin Bransfield",10902,"First TImer",3,"Male",102,1672,183,5281,119,3645
140,132,"Bridget Dunn",10919,"55-59",1,"Female",38,1704,137,5442,87,3548
141,282,"Gwyneth Lamastra",10925,"25-29",5,"Female",39,1286,135,5461,78,3964
142,292,"Peter Lillie",10930,"35-39",18,"Male",103,2109,227,5016,173,3403
143,249,"Kyle Johnson",10951,"40-44",11,"Male",104,2206,120,5301,73,3249
144,119,"Conor Donadio",10960,"20-24",6,"Male",105,1619,125,5591,53,3570
145,404,"Mikey Rosen",10976,"45-49",11,"Male",106,1908,169,4960,171,3766
146,385,"James Raubenheimer",10981,"20-24",7,"Male",107,2060,106,5391,82,3340
147,482,"Matthew Vella",11027,"45-49",12,"Male",108,1685,125,5084,102,4029
148,412,"Gretchen Schloegel",11031,"25-29",6,"Female",40,1553,171,5684,128,3492
149,549,"Nathan Hackos",11039,"50-54",12,"Male",109,2210,169,5154,143,3360
150,358,"Nadia Patry",11053,"40-44",4,"Female",41,1708,170,5721,104,3347
151,299,"Tracy Maccherola",11060,"55-59",2,"Female",42,1757,89,5335,82,3795
152,415,"Adam Schricker",11068,"35-39",19,"Male",110,1790,151,5264,115,3746
153,238,"Max Jack",11080,"20-24",8,"Male",111,2270,146,5118,82,3462
154,32,"Jordan Bishop",11093,"35-39",20,"Male",112,1912,177,5472,67,3463
155,247,"Jason Johnson",11105,"40-44",12,"Male",113,1724,316,5594,214,3255
156,527,"David Zboray",11119,"35-39",21,"Male",114,1821,302,5325,157,3513
157,487,"Chris Flaherty",11127,"30-34",15,"Male",115,2093,194,5664,217,2957
158,363,"Pascal Perrot",11139,"50-54",13,"Male",116,1737,303,5424,168,3505
159,39,"Jesse Bolton",11166,"50-54",14,"Male",117,1646,122,5220,143,4034
160,245,"Holly Johnson",11178,"60-64",1,"Female",43,1865,167,5270,102,3773
161,506,"Mike Wien",11179,"70-74",1,"Male",118,1937,242,5515,206,3277
162,517,"Matt Wolfe",11205,"45-49",13,"Male",119,1883,281,5214,174,3651
163,445,"Corey Steimel",11212,"Elite",10,"Male",120,1541,73,5285,100,4211
164,471,"Dafin Trifonov",11226,"60-64",4,"Male",121,2042,154,5514,128,3386
165,124,"Daniel Driscoll",11298,"50-54",15,"Male",122,1739,149,5347,74,3987
166,310,"Bradley Martin",11304,"40-44",13,"Male",123,2234,140,5518,234,3177
167,160,"Paul Fread",11325,"45-49",14,"Male",124,1923,228,5423,208,3542
168,229,"Yasufumi Hotta",11360,"40-44",14,"Male",125,1807,189,5151,176,4036
169,374,"Walter Polinski",11370,"30-34",16,"Male",126,1992,226,5386,62,3702
170,462,"Veronica Theurer",11372,"35-39",7,"Female",44,2081,163,5331,86,3708
171,125,"Chris Duarte",11372,"50-54",16,"Male",127,2287,201,5016,241,3624
172,393,"Kayla Rhodes",11386,"35-39",8,"Female",45,1859,134,5774,160,3457
173,41,"David Boswell",11406,"25-29",10,"Male",128,1506,220,5464,191,4025
174,280,"Breonna Kusick",11411,"30-34",5,"Female",46,1752,121,5651,94,3791
175,317,"Kane Mccord",11412,"40-44",15,"Male",129,1839,112,5090,102,4267
176,164,"Matthew Fry",11430,"35-39",22,"Male",130,1917,165,5739,159,3448
177,322,"Tara Mcfarlin",11468,"40-44",5,"Female",47,1487,116,6272,109,3480
178,224,"Dana Hoffman",11468,"First TImer",2,"Female",48,1592,210,5718,236,3711
179,505,"Andrew Whitmire",11527,"35-39",23,"Male",131,1910,170,5847,126,3473
180,450,"Abhinav Khadka",11547,"35-39",24,"Male",132,1155,372,5802,155,4062
181,417,"Gabby Schuck",11548,"First TImer",3,"Female",49,1871,145,6109,91,3331
182,226,"Nicole Hola",11554,"45-49",5,"Female",50,1790,118,5738,101,3804
183,118,"Jessica Dominguez",11607,"30-34",6,"Female",51,2035,123,5764,91,3592
184,524,"Masumi Yoneyama",11611,"45-49",6,"Female",52,2127,103,5273,194,3912
185,398,"Heidi Robinson",11617,"45-49",7,"Female",53,1793,184,5838,127,3673
186,414,"Jordan Schools",11628,"First TImer",4,"Male",133,1978,127,5813,95,3614
187,481,"Juan Vasquez",11638,"45-49",15,"Male",134,1657,167,5489,77,4246
188,197,"Haley Grossman",11642,"First TImer",4,"Female",54,1578,170,5725,89,4079
189,258,"Matt Kane",11660,"40-44",16,"Male",135,1778,141,5743,88,3908
190,209,"Amy Height",11675,"35-39",9,"Female",55,1866,163,5657,171,3816
191,348,"Keegan O'neil",11693,"First TImer",5,"Male",136,1987,108,5418,131,4046
192,552,"Joe Bakel",11759,"60-64",5,"Male",137,1284,154,5722,187,4410
193,313,"Jorge Maya",11782,"50-54",17,"Male",138,1697,157,5702,96,4128
194,359,"Emily Pearce",11812,"30-34",7,"Female",56,1904,152,5917,104,3733
195,174,"Kevin Gauthier",11818,"30-34",17,"Male",139,1843,172,5366,108,4327
196,495,"Toru Watanabe",11832,"45-49",16,"Male",140,1920,210,5787,122,3791
197,561,"Donald Kinnee",11845,"35-39",25,"Male",141,1819,306,5487,171,4060
198,365,"Nancy Peters",11864,"60-64",2,"Female",57,1936,168,5747,111,3900
199,73,"Nicolas Carrasco",11881,"15-19",1,"Male",142,1654,172,5724,136,4193
200,87,"Jessica Cooney",11883,"45-49",8,"Female",58,1778,165,5865,154,3919
201,221,"Tom Hesemann",11895,"65-69",3,"Male",143,1842,213,5764,99,3976
202,437,"Lauren Soares",11914,"20-24",5,"Female",59,2093,93,5970,121,3635
203,326,"Erin Melzer",11915,"30-34",8,"Female",60,1888,225,6078,117,3605
204,264,"David Strait",11918,"First TImer",6,"Male",144,1939,327,5671,208,3770
205,190,"Marie Green",11965,"First TImer",5,"Female",61,1722,206,6393,200,3442
206,6,"Jason Amato",11982,"45-49",17,"Male",145,2060,244,5381,174,4121
207,136,"Willa Dworschack",11992,"25-29",7,"Female",62,2147,110,5621,108,4005
208,307,"Michael Marcoux",11997,"20-24",9,"Male",146,2069,223,5223,170,4312
209,19,"Hayley Ballinger",12010,"40-44",6,"Female",63,1861,165,6095,88,3799
210,36,"Tom Bogan",12030,"60-64",6,"Male",147,2300,88,5347,41,4252
211,295,"Dwight Luper",12050,"60-64",7,"Male",148,1777,274,6123,208,3667
212,222,"Christeen Hodge",12086,"40-44",7,"Female",64,1442,88,6345,141,4067
213,232,"Mariah Hudson",12087,"20-24",6,"Female",65,2311,241,5925,53,3554
214,464,"Devin Tibljas",12122,"First TImer",7,"Male",149,1921,199,5638,151,4212
215,469,"Andy Townsend",12132,"First TImer",8,"Male",150,2153,212,5866,135,3765
216,303,"Eli Madden",12145,"35-39",26,"Male",151,2077,269,5720,77,4000
217,510,"Kevin Wills-Keely",12172,"45-49",18,"Male",152,2239,361,5632,316,3623
218,165,"Kurt Fuhrman",12177,"55-59",10,"Male",153,2039,300,5801,147,3888
219,196,"Erin Grom",12184,"30-34",9,"Female",66,1641,161,5871,177,4332
220,128,"Matthew Duffey",12195,"First TImer",9,"Male",154,2023,226,5923,99,3921
221,10,"Shadie Andraos",12213,"First TImer",10,"Male",155,2233,165,5578,144,4090
222,186,"John Goscha",12241,"First TImer",11,"Male",156,2311,174,5805,125,3825
223,156,"Ben Focht",12261,"First TImer",12,"Male",157,2295,225,5787,223,3730
224,275,"Gregory Krems",12262,"Clydes",1,"Male",158,2712,190,5418,151,3788
225,534,"J Bryan Bartlett",12272,"55-59",11,"Male",159,1792,209,5825,221,4224
226,106,"Kailin Davis",12325,"20-24",7,"Female",67,1866,130,6026,138,4163
227,171,"Megan Garrett",12356,"35-39",10,"Female",68,2185,216,6006,259,3688
228,352,"Sarah Osborn",12380,"30-34",10,"Female",69,1864,244,6531,181,3558
229,101,"Lori Dandley",12386,"65-69",1,"Female",70,1980,200,5786,150,4269
230,253,"David Julian",12398,"50-54",18,"Male",160,1469,163,6048,179,4538
231,431,"Zachary Simon",12400,"30-34",18,"Male",161,2068,126,5717,156,4332
232,81,"Gretchen Conley",12400,"20-24",8,"Female",71,1864,97,6152,66,4219
233,88,"Dan Cooper",12401,"30-34",19,"Male",162,2109,103,5974,144,4069
234,479,"Jim Vanpeursem",12486,"55-59",12,"Male",163,1946,332,5908,199,4098
235,145,"Greg Ewing",12494,"30-34",20,"Male",164,1746,141,6204,95,4306
236,230,"Mat Howerton",12500,"First TImer",13,"Male",165,2146,311,5928,163,3950
237,555,"Amanda Moss",12512,"35-39",11,"Female",72,1908,153,5994,120,4336
238,314,"Justin Mazouat",12535,"35-39",27,"Male",166,2105,240,5311,183,4695
239,329,"Kate Mickalowski",12536,"30-34",11,"Female",73,2520,281,6214,168,3351
240,448,"Clayton Stewart",12551,"First TImer",14,"Male",167,1938,173,6194,116,4127
241,236,"Kat Iavicoli",12582,"55-59",3,"Female",74,2189,159,5659,125,4448
242,8,"Sam Anderson",12585,"40-44",17,"Male",168,1816,143,6101,129,4394
243,279,"Klint Kubiak",12634,"First TImer",15,"Male",169,2550,240,5777,270,3795
244,490,"Braden Ward",12672,"35-39",28,"Male",170,2000,217,5647,180,4626
245,16,"Kendra Bajcar",12701,"30-34",12,"Female",75,2224,141,5992,187,4155
246,199,"Luiz Felipe Guimaraes",12723,"First TImer",16,"Male",171,1948,130,6190,128,4325
247,389,"Madeline Renz",12724,"First TImer",6,"Female",76,2658,229,5935,193,3706
248,15,"Blake Bajcar",12738,"35-39",29,"Male",172,3074,244,5731,145,3543
249,82,"Thomas Connell",12759,"First TImer",17,"Male",173,1999,195,5886,310,4367
250,392,"Alison Rhodes",12791,"40-44",8,"Female",77,2004,119,6652,79,3936
251,104,"Brian Darst",12808,"Clydes",2,"Male",174,1793,104,5689,105,5115
252,333,"Charlotte Montero",12822,"First TImer",7,"Female",78,2061,444,6629,188,3498
253,103,"Susan Darrah",12850,"First TImer",8,"Female",79,2263,213,6574,103,3695
254,23,"Seth Baum",12852,"First TImer",18,"Male",175,2133,249,5818,215,4436
255,474,"Ashley Turner",12852,"35-39",12,"Female",80,1744,118,6708,105,4176
256,192,"Kimberly Greer",12861,"50-54",6,"Female",81,1836,157,5739,156,4970
257,397,"Allison Ridenour",12863,"40-44",9,"Female",82,1947,220,6404,194,4096
258,387,"Austin Rebik",12917,"First TImer",19,"Male",176,2396,273,5668,277,4302
259,388,"Kyle Rebik",12918,"First TImer",20,"Male",177,2312,357,5668,277,4302
260,356,"Joel Palmer",12983,"45-49",19,"Male",178,2664,271,5922,159,3966
261,422,"Danny Shea",12998,"60-64",8,"Male",179,2249,284,6136,226,4101
262,446,"Mari Steinbach",13004,"60-64",3,"Female",83,2031,122,5872,125,4853
263,215,"Becki Herman",13005,"35-39",13,"Female",84,1711,132,6397,133,4630
264,155,"Michael Fisch",13011,"60-64",9,"Male",180,1864,215,5688,195,5047
265,331,"Mitchell Minotti",13013,"25-29",11,"Male",181,1911,345,5859,218,4677
266,522,"Jon Wretling",13025,"45-49",20,"Male",182,2021,225,5918,259,4601
267,142,"Matthew Emmet",13132,"45-49",21,"Male",183,1858,183,6922,205,3962
268,488,"Alex Wald",13134,"First TImer",21,"Male",184,2473,365,6679,184,3432
269,395,"Jacqueline Richardson",13144,"35-39",14,"Female",85,2016,189,6103,143,4690
270,513,"Mark Wingert",13184,"First TImer",22,"Male",185,2831,248,5778,300,4025
271,76,"Max Cavanaugh",13213,"40-44",18,"Male",186,1915,293,6138,177,4688
272,149,"Emily Feldkamp",13237,"30-34",13,"Female",86,2026,85,6337,75,4713
273,489,"Marianne Walter",13242,"60-64",4,"Female",87,1974,248,6631,73,4315
274,147,"Kathryn Fair",13249,"35-39",15,"Female",88,1615,211,6203,137,5080
275,191,"Joshua Greenberg",13257,"First TImer",23,"Male",187,2013,233,6102,168,4739
276,115,"Patrick Dilsaver",13263,"First TImer",24,"Male",188,1894,326,5872,153,5015
277,152,"Amy Fesler",13266,"40-44",10,"Female",89,2236,200,6467,110,4251
278,133,"Debra Dunn",13269,"50-54",7,"Female",90,2212,281,6313,111,4350
279,242,"Katie Jenkins",13282,"40-44",11,"Female",91,1692,211,6791,247,4338
280,364,"Sunee Persinger",13289,"First TImer",9,"Female",92,2646,188,6735,169,3550
281,500,"Krista Wells",13316,"40-44",12,"Female",93,2412,96,6250,148,4408
282,554,"Devin Rentz",13350,"First TImer",25,"Male",189,2421,326,6237,181,4182
283,401,"Ryan Rogala",13352,"25-29",12,"Male",190,1923,152,6170,111,4995
284,255,"Jordan Kadlec",13373,"30-34",21,"Male",191,2302,210,6283,178,4398
285,498,"Jason Welle",13387,"45-49",22,"Male",192,2057,306,6240,581,4202
286,457,"Kelly Sweeney",13400,"40-44",13,"Female",94,2462,148,5969,110,4710
287,274,"Kendra Kreienbrink",13499,"20-24",9,"Female",95,2174,218,6274,126,4706
288,547,"Andrew Wells",13542,"40-44",19,"Male",193,1643,114,5860,252,5671
289,276,"Casey Krizman",13561,"35-39",30,"Male",194,1962,386,6592,300,4319
290,74,"Elizabeth Carter",13568,"45-49",9,"Female",96,2101,248,6492,174,4550
291,170,"Laike Gardner",13612,"25-29",13,"Male",195,1911,339,6677,100,4583
292,259,"Lisa Kant",13626,"30-34",14,"Female",97,1854,221,6739,220,4589
293,452,"Elisabeth Stump",13648,"30-34",15,"Female",98,1873,200,6350,254,4969
294,93,"Troy Craig",13659,"55-59",13,"Male",196,1871,375,6309,314,4788
295,504,"Janine Whetton",13683,"25-29",8,"Female",99,1850,544,6938,300,4048
296,244,"Dylan Johnson",13710,"First TImer",26,"Male",197,2376,297,6444,264,4327
297,25,"Jacob Behrens",13730,"30-34",22,"Male",198,1916,308,6377,236,4892
298,78,"William Caywood",13753,"70-74",2,"Male",199,1919,232,6441,116,5044
299,405,"Sayge Ross",13785,"25-29",9,"Female",100,2576,140,6327,68,4673
300,367,"Patti Peterson",13804,"65-69",2,"Female",101,2121,133,6266,100,5182
301,234,"Nathaniel Hunt",13868,"First TImer",27,"Male",200,2545,382,6328,181,4430
302,378,"Joe Preis",13877,"First TImer",28,"Male",201,2070,141,6174,103,5386
303,287,"Bethany Lebewitz",13907,"First TImer",10,"Female",102,2217,107,6706,83,4793
304,94,"Lauren Estelle Cronmiller",13921,"First TImer",11,"Female",103,2440,300,7162,98,3919
305,193,"Aron Griffin",14042,"First TImer",29,"Male",202,2561,294,7169,97,3920
306,57,"Melissa Brookshier",14089,"45-49",10,"Female",104,1901,242,6478,163,5303
307,447,"Hilary Stevens",14150,"35-39",16,"Female",105,1759,139,6848,148,5254
308,202,"Tyler Haller",14151,"30-34",23,"Male",203,2531,307,6366,156,4790
309,284,"Kevin Langley",14152,"30-34",24,"Male",204,2772,255,6174,240,4708
310,548,"Kristen Deberdt",14194,"Athena",1,"Female",106,1959,180,6560,179,5314
311,493,"Chacier Warhurst",14223,"35-39",31,"Male",205,2367,221,5918,171,5544
312,330,"Alexander Millon",14233,"First TImer",30,"Male",206,2400,278,6068,392,5092
313,465,"Trent Tillman",14341,"50-54",19,"Male",207,2200,319,6903,244,4673
314,55,"Timothy Broadenax",14343,"25-29",14,"Male",208,2590,207,6564,171,4811
315,423,"Dave Sheanin",14387,"PC Adaptive",1,"Male",209,1818,442,7724,369,4032
316,239,"Shaelyn James",14400,"First TImer",12,"Female",107,2273,171,7464,283,4207
317,376,"Jennifer Porter",14404,"45-49",11,"Female",108,2148,243,6819,196,4996
318,476,"Audrey Urban",14448,"First TImer",13,"Female",109,1810,283,7819,226,4308
319,69,"Ashley Cape",14468,"35-39",17,"Female",110,1956,483,6752,197,5079
320,420,"David Sellmayer",14509,"55-59",14,"Male",210,1774,309,7294,248,4883
321,107,"Kylie Day",14570,"25-29",10,"Female",111,1921,149,6988,189,5320
322,515,"Jay Wintrub",14662,"35-39",32,"Male",211,2540,228,6601,96,5195
323,220,"Charles Hescheles",14667,"60-64",10,"Male",212,1921,194,6901,197,5452
324,435,"Tyler Smith",14715,"First TImer",31,"Male",213,2471,281,7633,67,4260
325,243,"Kathy Johns",14796,"50-54",8,"Female",112,2699,277,6706,234,4877
326,298,"Samuel Maccherola",14885,"60-64",11,"Male",214,2057,163,6327,258,6079
327,308,"Niraiventhi Mareesan",14901,"40-44",20,"Male",215,2524,280,6911,297,4888
328,384,"Taylor Rashkow",14932,"25-29",11,"Female",113,1999,232,7044,169,5486
329,360,"Kimberly Pekar",14965,"35-39",18,"Female",114,2480,230,7260,131,4862
330,158,"Taylor Foreman",15014,"First TImer",14,"Female",115,1798,143,6874,120,6077
331,100,"Sara Dam",15115,"First TImer",15,"Female",116,2993,384,6690,218,4827
332,368,"Martina Pfender",15215,"Athena",2,"Female",117,2049,153,6847,181,5984
333,20,"Amanda Bammann",15215,"40-44",14,"Female",118,2073,245,8241,150,4504
334,484,"Sarah Volk",15290,"35-39",19,"Female",119,2314,114,7387,104,5368
335,205,"Caitlyn Hartman",15328,"30-34",16,"Female",120,2004,216,7901,136,5068
336,511,"Bruce Wilson",15649,"75-79",1,"Male",216,2033,212,7585,134,5683
337,195,"Kim Gritzmaker",15868,"Athena",3,"Female",121,2643,221,7263,164,5574
338,65,"Michael Burns",15878,"50-54",20,"Male",217,2093,355,7858,287,5283
339,297,"Steve Lynes",16011,"First TImer",32,"Male",218,2278,444,7143,327,5817
340,241,"Laurie Jellison",16014,"25-29",12,"Female",122,3898,378,6697,210,4829
341,332,"Zac Mitchell",16084,"Clydes",3,"Male",219,2834,180,7854,152,5062
342,265,"Andrew King",16358,"45-49",23,"Male",220,2666,255,7138,172,6125
343,458,"Peter Talen",16458,"First TImer",33,"Male",221,2645,724,7154,516,5418
344,208,"Tyler Heffernan",16631,"Clydes",4,"Male",222,2480,235,8064,110,5741
345,311,"Diane Marx",16704,"60-64",5,"Female",123,2365,191,8688,212,5246
346,377,"Kenneth Porter",17006,"50-54",21,"Male",223,3569,411,7602,265,5156
347,439,"Jake Sorensen",17012,"First TImer",34,"Male",224,2273,410,7901,338,6087
NA,204,"Ellen Hart",NA,"60-64",NA,"Female",NA,1783,101,6353,110,3470
NA,416,"Colton Schuck",NA,"First TImer",NA,"Male",NA,1330,368,6009,192,3722
NA,426,"Rohit Shrestha",NA,"50-54",NA,"Male",NA,2449,312,6173,282,4639
NA,54,"William Briggs",NA,"First TImer",NA,"Male",NA,3929,191,7035,NA,NA
NA,139,"Sean Ege",NA,"30-34",NA,"Male",NA,1613,109,6134,NA,NA
NA,183,"Bradley Goodman",NA,"First TImer",NA,"Male",NA,2863,284,8009,227,592
NA,188,"Leah Grange",NA,"35-39",NA,"Female",NA,2619,331,6618,341,48
NA,214,"Richard Hendry",NA,"50-54",NA,"Male",NA,1703,79,6382,1357,NA
NA,296,"Anthony Lygizos",NA,"First TImer",NA,"Male",NA,1073,240,6346,207,4775
NA,491,"Mary Beth Ward",NA,"35-39",NA,"Female",NA,2215,276,8169,183,169
NA,503,"Zoe West",NA,"30-34",NA,"Female",NA,2655,347,NA,9894,5929
